-23,6,js5mru9u0h88zzfdBPQuEC9CyDI=,nyjKnCxnXb/whKjP4kXI0beJTdo=
-22,6,js5mru9u0h88zzfdBPQuEC9CyDI=,nyjKnCxnXb/whKjP4kXI0beJTdo=
-23,5,js5mru9u0h88zzfdBPQuEC9CyDI=,nyjKnCxnXb/whKjP4kXI0beJTdo=
-22,5,js5mru9u0h88zzfdBPQuEC9CyDI=,nyjKnCxnXb/whKjP4kXI0beJTdo=
-22,1,js5mru9u0h88zzfdBPQuEC9CyDI=,vhx1oy7MwJdCVdhdEnZRor3JTEE=
-23,2,js5mru9u0h88zzfdBPQuEC9CyDI=,vhx1oy7MwJdCVdhdEnZRor3JTEE=
-22,2,js5mru9u0h88zzfdBPQuEC9CyDI=,vhx1oy7MwJdCVdhdEnZRor3JTEE=
-23,4,js5mru9u0h88zzfdBPQuEC9CyDI=,nyjKnCxnXb/whKjP4kXI0beJTdo=
-23,3,js5mru9u0h88zzfdBPQuEC9CyDI=,vhx1oy7MwJdCVdhdEnZRor3JTEE=
-22,4,js5mru9u0h88zzfdBPQuEC9CyDI=,nyjKnCxnXb/whKjP4kXI0beJTdo=
-22,3,js5mru9u0h88zzfdBPQuEC9CyDI=,vhx1oy7MwJdCVdhdEnZRor3JTEE=
-23,1,js5mru9u0h88zzfdBPQuEC9CyDI=,vhx1oy7MwJdCVdhdEnZRor3JTEE=
-21,1,HjidtaiYNfjucYfhPfLQI9VLmJQ=,vhx1oy7MwJdCVdhdEnZRor3JTEE=
-20,1,HjidtaiYNfjucYfhPfLQI9VLmJQ=,LQctocfy6Z2B9atdsyx8CDkqG7M=
-23,14,HjidtaiYNfjucYfhPfLQI9VLmJQ=,DSrSeji1ZzlVE3H0qqF81U/tyUU=
-22,14,HjidtaiYNfjucYfhPfLQI9VLmJQ=,DSrSeji1ZzlVE3H0qqF81U/tyUU=
-23,13,HjidtaiYNfjucYfhPfLQI9VLmJQ=,DSrSeji1ZzlVE3H0qqF81U/tyUU=
-22,13,HjidtaiYNfjucYfhPfLQI9VLmJQ=,DSrSeji1ZzlVE3H0qqF81U/tyUU=
-22,12,HjidtaiYNfjucYfhPfLQI9VLmJQ=,DSrSeji1ZzlVE3H0qqF81U/tyUU=
-22,11,HjidtaiYNfjucYfhPfLQI9VLmJQ=,8DUvTGF70VEjzqMFOS42v1S30oM=
-22,8,HjidtaiYNfjucYfhPfLQI9VLmJQ=,8DUvTGF70VEjzqMFOS42v1S30oM=
-23,7,HjidtaiYNfjucYfhPfLQI9VLmJQ=,nyjKnCxnXb/whKjP4kXI0beJTdo=
-22,7,HjidtaiYNfjucYfhPfLQI9VLmJQ=,nyjKnCxnXb/whKjP4kXI0beJTdo=
-23,10,HjidtaiYNfjucYfhPfLQI9VLmJQ=,8DUvTGF70VEjzqMFOS42v1S30oM=
-23,9,HjidtaiYNfjucYfhPfLQI9VLmJQ=,8DUvTGF70VEjzqMFOS42v1S30oM=
-22,10,HjidtaiYNfjucYfhPfLQI9VLmJQ=,8DUvTGF70VEjzqMFOS42v1S30oM=
-22,9,HjidtaiYNfjucYfhPfLQI9VLmJQ=,8DUvTGF70VEjzqMFOS42v1S30oM=
-23,12,HjidtaiYNfjucYfhPfLQI9VLmJQ=,DSrSeji1ZzlVE3H0qqF81U/tyUU=
-23,8,HjidtaiYNfjucYfhPfLQI9VLmJQ=,8DUvTGF70VEjzqMFOS42v1S30oM=
-23,11,HjidtaiYNfjucYfhPfLQI9VLmJQ=,8DUvTGF70VEjzqMFOS42v1S30oM=
-21,2,HjidtaiYNfjucYfhPfLQI9VLmJQ=,vhx1oy7MwJdCVdhdEnZRor3JTEE=
-21,3,HjidtaiYNfjucYfhPfLQI9VLmJQ=,vhx1oy7MwJdCVdhdEnZRor3JTEE=
-20,2,b2Sc9ktGd1yzCAAijFPdFTDF2EY=,LQctocfy6Z2B9atdsyx8CDkqG7M=
-21,4,b2Sc9ktGd1yzCAAijFPdFTDF2EY=,nyjKnCxnXb/whKjP4kXI0beJTdo=
-21,5,b2Sc9ktGd1yzCAAijFPdFTDF2EY=,nyjKnCxnXb/whKjP4kXI0beJTdo=
-20,4,b2Sc9ktGd1yzCAAijFPdFTDF2EY=,676yQHw+KLgDcKX3Ey3pErUlh9I=
-19,2,b2Sc9ktGd1yzCAAijFPdFTDF2EY=,LQctocfy6Z2B9atdsyx8CDkqG7M=
-19,3,b2Sc9ktGd1yzCAAijFPdFTDF2EY=,LQctocfy6Z2B9atdsyx8CDkqG7M=
-20,3,b2Sc9ktGd1yzCAAijFPdFTDF2EY=,LQctocfy6Z2B9atdsyx8CDkqG7M=
-19,5,GKOnfctSPFXdXhpiXQejNJKkx5k=,676yQHw+KLgDcKX3Ey3pErUlh9I=
-20,5,GKOnfctSPFXdXhpiXQejNJKkx5k=,676yQHw+KLgDcKX3Ey3pErUlh9I=
-19,4,GKOnfctSPFXdXhpiXQejNJKkx5k=,676yQHw+KLgDcKX3Ey3pErUlh9I=
-21,12,GKOnfctSPFXdXhpiXQejNJKkx5k=,DSrSeji1ZzlVE3H0qqF81U/tyUU=
-21,14,GKOnfctSPFXdXhpiXQejNJKkx5k=,DSrSeji1ZzlVE3H0qqF81U/tyUU=
-17,13,GKOnfctSPFXdXhpiXQejNJKkx5k=,DSU/U5zJjYNIPkzMBHj+m0qHAHs=
-20,14,GKOnfctSPFXdXhpiXQejNJKkx5k=,DSU/U5zJjYNIPkzMBHj+m0qHAHs=
-19,14,GKOnfctSPFXdXhpiXQejNJKkx5k=,DSU/U5zJjYNIPkzMBHj+m0qHAHs=
-18,14,GKOnfctSPFXdXhpiXQejNJKkx5k=,DSU/U5zJjYNIPkzMBHj+m0qHAHs=
-17,14,GKOnfctSPFXdXhpiXQejNJKkx5k=,DSU/U5zJjYNIPkzMBHj+m0qHAHs=
-19,15,GKOnfctSPFXdXhpiXQejNJKkx5k=,DSU/U5zJjYNIPkzMBHj+m0qHAHs=
-18,15,GKOnfctSPFXdXhpiXQejNJKkx5k=,DSU/U5zJjYNIPkzMBHj+m0qHAHs=
-21,13,GKOnfctSPFXdXhpiXQejNJKkx5k=,DSrSeji1ZzlVE3H0qqF81U/tyUU=
-22,15,GKOnfctSPFXdXhpiXQejNJKkx5k=,DSrSeji1ZzlVE3H0qqF81U/tyUU=
-21,15,GKOnfctSPFXdXhpiXQejNJKkx5k=,DSrSeji1ZzlVE3H0qqF81U/tyUU=
-23,15,GKOnfctSPFXdXhpiXQejNJKkx5k=,DSrSeji1ZzlVE3H0qqF81U/tyUU=
-20,15,GKOnfctSPFXdXhpiXQejNJKkx5k=,DSU/U5zJjYNIPkzMBHj+m0qHAHs=
-17,15,GKOnfctSPFXdXhpiXQejNJKkx5k=,DSU/U5zJjYNIPkzMBHj+m0qHAHs=
-21,7,GKOnfctSPFXdXhpiXQejNJKkx5k=,nyjKnCxnXb/whKjP4kXI0beJTdo=
-21,10,GKOnfctSPFXdXhpiXQejNJKkx5k=,8DUvTGF70VEjzqMFOS42v1S30oM=
-19,7,dTUwm9dwrIcb4v4RFL/t92+gqwM=,676yQHw+KLgDcKX3Ey3pErUlh9I=
-20,7,dTUwm9dwrIcb4v4RFL/t92+gqwM=,676yQHw+KLgDcKX3Ey3pErUlh9I=
-21,9,dTUwm9dwrIcb4v4RFL/t92+gqwM=,8DUvTGF70VEjzqMFOS42v1S30oM=
-19,6,dTUwm9dwrIcb4v4RFL/t92+gqwM=,676yQHw+KLgDcKX3Ey3pErUlh9I=
-17,11,qBm2o0RA8LL9pj05AQ9JTd78Ws0=,xieBkupiuWBbhXSilUiK8KgqbdE=
-21,6,qBm2o0RA8LL9pj05AQ9JTd78Ws0=,nyjKnCxnXb/whKjP4kXI0beJTdo=
-17,12,qBm2o0RA8LL9pj05AQ9JTd78Ws0=,DSU/U5zJjYNIPkzMBHj+m0qHAHs=
-20,8,qBm2o0RA8LL9pj05AQ9JTd78Ws0=,xieBkupiuWBbhXSilUiK8KgqbdE=
-17,9,qBm2o0RA8LL9pj05AQ9JTd78Ws0=,xieBkupiuWBbhXSilUiK8KgqbdE=
-20,6,UQHUUm6d1ZMpLgMxXYzw/6ODGqU=,676yQHw+KLgDcKX3Ey3pErUlh9I=
-19,8,UQHUUm6d1ZMpLgMxXYzw/6ODGqU=,xieBkupiuWBbhXSilUiK8KgqbdE=
-21,8,UQHUUm6d1ZMpLgMxXYzw/6ODGqU=,8DUvTGF70VEjzqMFOS42v1S30oM=
-19,13,UQHUUm6d1ZMpLgMxXYzw/6ODGqU=,DSU/U5zJjYNIPkzMBHj+m0qHAHs=
-20,13,UQHUUm6d1ZMpLgMxXYzw/6ODGqU=,DSU/U5zJjYNIPkzMBHj+m0qHAHs=
-17,10,UQHUUm6d1ZMpLgMxXYzw/6ODGqU=,xieBkupiuWBbhXSilUiK8KgqbdE=
-18,8,b1Gk4QLs4ew8EDoXfSt693KDzOM=,xieBkupiuWBbhXSilUiK8KgqbdE=
-19,11,b1Gk4QLs4ew8EDoXfSt693KDzOM=,xieBkupiuWBbhXSilUiK8KgqbdE=
-18,11,b1Gk4QLs4ew8EDoXfSt693KDzOM=,xieBkupiuWBbhXSilUiK8KgqbdE=
-18,13,b1Gk4QLs4ew8EDoXfSt693KDzOM=,DSU/U5zJjYNIPkzMBHj+m0qHAHs=
-18,12,YmeNLvoVdtD7A34vXQcs+zutAhE=,DSU/U5zJjYNIPkzMBHj+m0qHAHs=
-19,10,YmeNLvoVdtD7A34vXQcs+zutAhE=,xieBkupiuWBbhXSilUiK8KgqbdE=
-23,0,YmeNLvoVdtD7A34vXQcs+zutAhE=,vhx1oy7MwJdCVdhdEnZRor3JTEE=
-22,0,YmeNLvoVdtD7A34vXQcs+zutAhE=,vhx1oy7MwJdCVdhdEnZRor3JTEE=
-24,2,YmeNLvoVdtD7A34vXQcs+zutAhE=,vhx1oy7MwJdCVdhdEnZRor3JTEE=
-24,1,YmeNLvoVdtD7A34vXQcs+zutAhE=,vhx1oy7MwJdCVdhdEnZRor3JTEE=
-24,4,YmeNLvoVdtD7A34vXQcs+zutAhE=,nyjKnCxnXb/whKjP4kXI0beJTdo=
-24,6,YmeNLvoVdtD7A34vXQcs+zutAhE=,nyjKnCxnXb/whKjP4kXI0beJTdo=
-24,14,YmeNLvoVdtD7A34vXQcs+zutAhE=,DSrSeji1ZzlVE3H0qqF81U/tyUU=
-24,13,YmeNLvoVdtD7A34vXQcs+zutAhE=,DSrSeji1ZzlVE3H0qqF81U/tyUU=
-24,15,YmeNLvoVdtD7A34vXQcs+zutAhE=,DSrSeji1ZzlVE3H0qqF81U/tyUU=
-24,10,YmeNLvoVdtD7A34vXQcs+zutAhE=,8DUvTGF70VEjzqMFOS42v1S30oM=
-24,7,YmeNLvoVdtD7A34vXQcs+zutAhE=,nyjKnCxnXb/whKjP4kXI0beJTdo=
-24,8,YmeNLvoVdtD7A34vXQcs+zutAhE=,8DUvTGF70VEjzqMFOS42v1S30oM=
-24,9,YmeNLvoVdtD7A34vXQcs+zutAhE=,8DUvTGF70VEjzqMFOS42v1S30oM=
-24,11,YmeNLvoVdtD7A34vXQcs+zutAhE=,8DUvTGF70VEjzqMFOS42v1S30oM=
-24,12,YmeNLvoVdtD7A34vXQcs+zutAhE=,DSrSeji1ZzlVE3H0qqF81U/tyUU=
-24,0,YmeNLvoVdtD7A34vXQcs+zutAhE=,vhx1oy7MwJdCVdhdEnZRor3JTEE=
-24,5,YmeNLvoVdtD7A34vXQcs+zutAhE=,nyjKnCxnXb/whKjP4kXI0beJTdo=
-24,3,YmeNLvoVdtD7A34vXQcs+zutAhE=,vhx1oy7MwJdCVdhdEnZRor3JTEE=
-20,0,YmeNLvoVdtD7A34vXQcs+zutAhE=,LQctocfy6Z2B9atdsyx8CDkqG7M=
-21,0,YmeNLvoVdtD7A34vXQcs+zutAhE=,vhx1oy7MwJdCVdhdEnZRor3JTEE=
-20,11,YmeNLvoVdtD7A34vXQcs+zutAhE=,xieBkupiuWBbhXSilUiK8KgqbdE=
-17,0,YmeNLvoVdtD7A34vXQcs+zutAhE=,LQctocfy6Z2B9atdsyx8CDkqG7M=
-18,9,IUeoqWsxDsLPWzlKtmc1Lsj30Zs=,xieBkupiuWBbhXSilUiK8KgqbdE=
-20,10,IUeoqWsxDsLPWzlKtmc1Lsj30Zs=,xieBkupiuWBbhXSilUiK8KgqbdE=
-20,9,IUeoqWsxDsLPWzlKtmc1Lsj30Zs=,xieBkupiuWBbhXSilUiK8KgqbdE=
-19,9,dlDTFl2kQSaWlAD9oHOwO5s1F/0=,xieBkupiuWBbhXSilUiK8KgqbdE=
-19,12,dlDTFl2kQSaWlAD9oHOwO5s1F/0=,DSU/U5zJjYNIPkzMBHj+m0qHAHs=
-18,10,dlDTFl2kQSaWlAD9oHOwO5s1F/0=,xieBkupiuWBbhXSilUiK8KgqbdE=
-20,12,dlDTFl2kQSaWlAD9oHOwO5s1F/0=,DSU/U5zJjYNIPkzMBHj+m0qHAHs=
-17,8,dlDTFl2kQSaWlAD9oHOwO5s1F/0=,xieBkupiuWBbhXSilUiK8KgqbdE=
-19,0,dlDTFl2kQSaWlAD9oHOwO5s1F/0=,LQctocfy6Z2B9atdsyx8CDkqG7M=
-21,11,dlDTFl2kQSaWlAD9oHOwO5s1F/0=,8DUvTGF70VEjzqMFOS42v1S30oM=
-19,1,dlDTFl2kQSaWlAD9oHOwO5s1F/0=,LQctocfy6Z2B9atdsyx8CDkqG7M=
-18,0,dlDTFl2kQSaWlAD9oHOwO5s1F/0=,LQctocfy6Z2B9atdsyx8CDkqG7M=
-17,1,fnuI7lZ8WtmIH2f77KqvGA7SCIM=,LQctocfy6Z2B9atdsyx8CDkqG7M=
-18,1,fnuI7lZ8WtmIH2f77KqvGA7SCIM=,LQctocfy6Z2B9atdsyx8CDkqG7M=
-17,3,fnuI7lZ8WtmIH2f77KqvGA7SCIM=,LQctocfy6Z2B9atdsyx8CDkqG7M=
-17,2,fnuI7lZ8WtmIH2f77KqvGA7SCIM=,LQctocfy6Z2B9atdsyx8CDkqG7M=
-18,2,fnuI7lZ8WtmIH2f77KqvGA7SCIM=,LQctocfy6Z2B9atdsyx8CDkqG7M=
-18,5,fnuI7lZ8WtmIH2f77KqvGA7SCIM=,676yQHw+KLgDcKX3Ey3pErUlh9I=
-18,4,4Litc7QI6vAQDqcjPOrw1SnVuB4=,676yQHw+KLgDcKX3Ey3pErUlh9I=
-17,6,4Litc7QI6vAQDqcjPOrw1SnVuB4=,676yQHw+KLgDcKX3Ey3pErUlh9I=
-18,3,4Litc7QI6vAQDqcjPOrw1SnVuB4=,LQctocfy6Z2B9atdsyx8CDkqG7M=
-18,7,pnXL8hn2v2fnNmCFHw3yxeP4d5M=,676yQHw+KLgDcKX3Ey3pErUlh9I=
-17,5,pnXL8hn2v2fnNmCFHw3yxeP4d5M=,676yQHw+KLgDcKX3Ey3pErUlh9I=
-17,4,pnXL8hn2v2fnNmCFHw3yxeP4d5M=,676yQHw+KLgDcKX3Ey3pErUlh9I=
-18,6,pnXL8hn2v2fnNmCFHw3yxeP4d5M=,676yQHw+KLgDcKX3Ey3pErUlh9I=
-17,7,pnXL8hn2v2fnNmCFHw3yxeP4d5M=,676yQHw+KLgDcKX3Ey3pErUlh9I=
-18,16,pnXL8hn2v2fnNmCFHw3yxeP4d5M=,XLKyeIPIHwf+yO+zLr2uZM6K/Gs=
-19,16,pnXL8hn2v2fnNmCFHw3yxeP4d5M=,XLKyeIPIHwf+yO+zLr2uZM6K/Gs=
-17,16,pnXL8hn2v2fnNmCFHw3yxeP4d5M=,XLKyeIPIHwf+yO+zLr2uZM6K/Gs=
-20,16,pnXL8hn2v2fnNmCFHw3yxeP4d5M=,XLKyeIPIHwf+yO+zLr2uZM6K/Gs=
-14,16,pnXL8hn2v2fnNmCFHw3yxeP4d5M=,L3U2xWsb3QvePBAymDJEhahyEaU=
-12,16,pnXL8hn2v2fnNmCFHw3yxeP4d5M=,uI/ok0uLlEIXY84PvO1NAXUv7QU=
-15,16,pnXL8hn2v2fnNmCFHw3yxeP4d5M=,L3U2xWsb3QvePBAymDJEhahyEaU=
-13,16,pnXL8hn2v2fnNmCFHw3yxeP4d5M=,L3U2xWsb3QvePBAymDJEhahyEaU=
-11,16,pnXL8hn2v2fnNmCFHw3yxeP4d5M=,uI/ok0uLlEIXY84PvO1NAXUv7QU=
-10,16,pnXL8hn2v2fnNmCFHw3yxeP4d5M=,uI/ok0uLlEIXY84PvO1NAXUv7QU=
-9,16,pnXL8hn2v2fnNmCFHw3yxeP4d5M=,uI/ok0uLlEIXY84PvO1NAXUv7QU=
-16,16,pnXL8hn2v2fnNmCFHw3yxeP4d5M=,L3U2xWsb3QvePBAymDJEhahyEaU=
-3,5,qcfW/pOaYlYYdhUcavfKGsp+Wmw=,io8yiVXfxWG2lc73GnP5D+afIwY=
-2,5,qcfW/pOaYlYYdhUcavfKGsp+Wmw=,io8yiVXfxWG2lc73GnP5D+afIwY=
-3,6,qcfW/pOaYlYYdhUcavfKGsp+Wmw=,io8yiVXfxWG2lc73GnP5D+afIwY=
-2,6,qcfW/pOaYlYYdhUcavfKGsp+Wmw=,io8yiVXfxWG2lc73GnP5D+afIwY=
-4,6,qcfW/pOaYlYYdhUcavfKGsp+Wmw=,io8yiVXfxWG2lc73GnP5D+afIwY=
-6,6,qcfW/pOaYlYYdhUcavfKGsp+Wmw=,e8Pjkap33jn/h11tKTtpWPPgvsg=
-7,6,qcfW/pOaYlYYdhUcavfKGsp+Wmw=,e8Pjkap33jn/h11tKTtpWPPgvsg=
-5,6,qcfW/pOaYlYYdhUcavfKGsp+Wmw=,e8Pjkap33jn/h11tKTtpWPPgvsg=
-3,4,WPsobdiIpBiGUe1UJajXNr0UCKs=,io8yiVXfxWG2lc73GnP5D+afIwY=
-9,6,WPsobdiIpBiGUe1UJajXNr0UCKs=,O+zWvNsU+dajl6Q5dSjA9aquwKw=
-8,6,WPsobdiIpBiGUe1UJajXNr0UCKs=,e8Pjkap33jn/h11tKTtpWPPgvsg=
-5,2,YkoS4p7rr5fHOzt1kNJWgmGAPec=,iLDmH+CqBDXl0auzRixPi2CYy3A=
-5,5,YkoS4p7rr5fHOzt1kNJWgmGAPec=,e8Pjkap33jn/h11tKTtpWPPgvsg=
-4,4,YkoS4p7rr5fHOzt1kNJWgmGAPec=,io8yiVXfxWG2lc73GnP5D+afIwY=
-6,5,YkoS4p7rr5fHOzt1kNJWgmGAPec=,e8Pjkap33jn/h11tKTtpWPPgvsg=
-6,2,YkoS4p7rr5fHOzt1kNJWgmGAPec=,iLDmH+CqBDXl0auzRixPi2CYy3A=
-4,5,X5D2f4HlR9yjg5O0YZfj+iPNzVc=,io8yiVXfxWG2lc73GnP5D+afIwY=
-4,2,X5D2f4HlR9yjg5O0YZfj+iPNzVc=,HScghQVzmSbouG2Luvwnl6XfTU4=
-6,4,X5D2f4HlR9yjg5O0YZfj+iPNzVc=,e8Pjkap33jn/h11tKTtpWPPgvsg=
-5,3,ABDhLoGhFLOZ08rI0qnA7hmCkYs=,iLDmH+CqBDXl0auzRixPi2CYy3A=
-5,4,ABDhLoGhFLOZ08rI0qnA7hmCkYs=,e8Pjkap33jn/h11tKTtpWPPgvsg=
-6,3,ABDhLoGhFLOZ08rI0qnA7hmCkYs=,iLDmH+CqBDXl0auzRixPi2CYy3A=
-4,3,ABDhLoGhFLOZ08rI0qnA7hmCkYs=,HScghQVzmSbouG2Luvwnl6XfTU4=
-8,3,ABDhLoGhFLOZ08rI0qnA7hmCkYs=,iLDmH+CqBDXl0auzRixPi2CYy3A=
-3,2,ABDhLoGhFLOZ08rI0qnA7hmCkYs=,HScghQVzmSbouG2Luvwnl6XfTU4=
-3,3,ABDhLoGhFLOZ08rI0qnA7hmCkYs=,HScghQVzmSbouG2Luvwnl6XfTU4=
-11,14,KV603N8xJ5AAYxrrwH3fQ3he0OE=,ihN3c8pXPKJCa97azUGwWBuBi3A=
-10,14,KV603N8xJ5AAYxrrwH3fQ3he0OE=,ihN3c8pXPKJCa97azUGwWBuBi3A=
-11,13,KV603N8xJ5AAYxrrwH3fQ3he0OE=,ihN3c8pXPKJCa97azUGwWBuBi3A=
-10,13,KV603N8xJ5AAYxrrwH3fQ3he0OE=,ihN3c8pXPKJCa97azUGwWBuBi3A=
-13,4,KV603N8xJ5AAYxrrwH3fQ3he0OE=,2lADoD2r2XdCgdRvnuc8xQ/bJS4=
-11,2,KV603N8xJ5AAYxrrwH3fQ3he0OE=,2byCH0Sj1u4RsODZIRq59WZ6/4g=
-8,4,9A6eya3PMXqL+05jgU6hmX9Ix1Y=,e8Pjkap33jn/h11tKTtpWPPgvsg=
-10,5,9A6eya3PMXqL+05jgU6hmX9Ix1Y=,O+zWvNsU+dajl6Q5dSjA9aquwKw=
-11,5,9A6eya3PMXqL+05jgU6hmX9Ix1Y=,O+zWvNsU+dajl6Q5dSjA9aquwKw=
-9,2,9A6eya3PMXqL+05jgU6hmX9Ix1Y=,2byCH0Sj1u4RsODZIRq59WZ6/4g=
-14,4,9A6eya3PMXqL+05jgU6hmX9Ix1Y=,2lADoD2r2XdCgdRvnuc8xQ/bJS4=
-10,2,9A6eya3PMXqL+05jgU6hmX9Ix1Y=,2byCH0Sj1u4RsODZIRq59WZ6/4g=
-13,5,fJSqfppvhKvetxBnD63x7mfwV/8=,2lADoD2r2XdCgdRvnuc8xQ/bJS4=
-14,5,fJSqfppvhKvetxBnD63x7mfwV/8=,2lADoD2r2XdCgdRvnuc8xQ/bJS4=
-7,2,fJSqfppvhKvetxBnD63x7mfwV/8=,iLDmH+CqBDXl0auzRixPi2CYy3A=
-14,3,fJSqfppvhKvetxBnD63x7mfwV/8=,evAtKnEDWKAwg/46/A3515IMfBo=
-9,5,RotEOHT/WRe6baUzCruTDzXWMqQ=,O+zWvNsU+dajl6Q5dSjA9aquwKw=
-12,4,RotEOHT/WRe6baUzCruTDzXWMqQ=,O+zWvNsU+dajl6Q5dSjA9aquwKw=
-12,5,RotEOHT/WRe6baUzCruTDzXWMqQ=,O+zWvNsU+dajl6Q5dSjA9aquwKw=
-9,4,RotEOHT/WRe6baUzCruTDzXWMqQ=,O+zWvNsU+dajl6Q5dSjA9aquwKw=
-12,2,RotEOHT/WRe6baUzCruTDzXWMqQ=,2byCH0Sj1u4RsODZIRq59WZ6/4g=
-11,4,RotEOHT/WRe6baUzCruTDzXWMqQ=,O+zWvNsU+dajl6Q5dSjA9aquwKw=
-10,4,ux813SpBKwW022Hcf10LaJd+l/0=,O+zWvNsU+dajl6Q5dSjA9aquwKw=
-7,7,ux813SpBKwW022Hcf10LaJd+l/0=,e8Pjkap33jn/h11tKTtpWPPgvsg=
-6,7,ux813SpBKwW022Hcf10LaJd+l/0=,e8Pjkap33jn/h11tKTtpWPPgvsg=
-7,8,ux813SpBKwW022Hcf10LaJd+l/0=,sgVH12zuIOotDybXDtC450pfJZc=
-6,8,ux813SpBKwW022Hcf10LaJd+l/0=,sgVH12zuIOotDybXDtC450pfJZc=
-15,13,ux813SpBKwW022Hcf10LaJd+l/0=,0/l4lrq+Wlu8Kd7oeUe+8DZ8v/I=
-12,14,ux813SpBKwW022Hcf10LaJd+l/0=,ihN3c8pXPKJCa97azUGwWBuBi3A=
-15,14,ux813SpBKwW022Hcf10LaJd+l/0=,0/l4lrq+Wlu8Kd7oeUe+8DZ8v/I=
-14,13,ux813SpBKwW022Hcf10LaJd+l/0=,0/l4lrq+Wlu8Kd7oeUe+8DZ8v/I=
-14,14,ux813SpBKwW022Hcf10LaJd+l/0=,0/l4lrq+Wlu8Kd7oeUe+8DZ8v/I=
-13,14,ux813SpBKwW022Hcf10LaJd+l/0=,0/l4lrq+Wlu8Kd7oeUe+8DZ8v/I=
-12,13,ux813SpBKwW022Hcf10LaJd+l/0=,ihN3c8pXPKJCa97azUGwWBuBi3A=
-13,13,ux813SpBKwW022Hcf10LaJd+l/0=,0/l4lrq+Wlu8Kd7oeUe+8DZ8v/I=
-8,10,ux813SpBKwW022Hcf10LaJd+l/0=,sgVH12zuIOotDybXDtC450pfJZc=
-14,2,ux813SpBKwW022Hcf10LaJd+l/0=,evAtKnEDWKAwg/46/A3515IMfBo=
-9,7,ux813SpBKwW022Hcf10LaJd+l/0=,O+zWvNsU+dajl6Q5dSjA9aquwKw=
-8,7,ux813SpBKwW022Hcf10LaJd+l/0=,e8Pjkap33jn/h11tKTtpWPPgvsg=
-11,3,ux813SpBKwW022Hcf10LaJd+l/0=,2byCH0Sj1u4RsODZIRq59WZ6/4g=
-11,11,ux813SpBKwW022Hcf10LaJd+l/0=,1NEQnl3MPiSRo5He6WjEXtjuiuc=
-10,11,ux813SpBKwW022Hcf10LaJd+l/0=,1NEQnl3MPiSRo5He6WjEXtjuiuc=
-11,12,ux813SpBKwW022Hcf10LaJd+l/0=,ihN3c8pXPKJCa97azUGwWBuBi3A=
-11,8,ux813SpBKwW022Hcf10LaJd+l/0=,1NEQnl3MPiSRo5He6WjEXtjuiuc=
-10,8,ux813SpBKwW022Hcf10LaJd+l/0=,1NEQnl3MPiSRo5He6WjEXtjuiuc=
-8,8,ux813SpBKwW022Hcf10LaJd+l/0=,sgVH12zuIOotDybXDtC450pfJZc=
-9,8,ux813SpBKwW022Hcf10LaJd+l/0=,1NEQnl3MPiSRo5He6WjEXtjuiuc=
-10,12,ux813SpBKwW022Hcf10LaJd+l/0=,ihN3c8pXPKJCa97azUGwWBuBi3A=
-7,3,ux813SpBKwW022Hcf10LaJd+l/0=,iLDmH+CqBDXl0auzRixPi2CYy3A=
-12,12,ux813SpBKwW022Hcf10LaJd+l/0=,ihN3c8pXPKJCa97azUGwWBuBi3A=
-15,12,ux813SpBKwW022Hcf10LaJd+l/0=,0/l4lrq+Wlu8Kd7oeUe+8DZ8v/I=
-14,12,ux813SpBKwW022Hcf10LaJd+l/0=,0/l4lrq+Wlu8Kd7oeUe+8DZ8v/I=
-8,2,ux813SpBKwW022Hcf10LaJd+l/0=,iLDmH+CqBDXl0auzRixPi2CYy3A=
-13,2,uQwU0ZQ/tJaxXBeuC350jqJFOiI=,evAtKnEDWKAwg/46/A3515IMfBo=
-10,6,uQwU0ZQ/tJaxXBeuC350jqJFOiI=,O+zWvNsU+dajl6Q5dSjA9aquwKw=
-11,9,uQwU0ZQ/tJaxXBeuC350jqJFOiI=,1NEQnl3MPiSRo5He6WjEXtjuiuc=
-10,9,uQwU0ZQ/tJaxXBeuC350jqJFOiI=,1NEQnl3MPiSRo5He6WjEXtjuiuc=
-9,9,uQwU0ZQ/tJaxXBeuC350jqJFOiI=,1NEQnl3MPiSRo5He6WjEXtjuiuc=
-14,6,uQwU0ZQ/tJaxXBeuC350jqJFOiI=,2lADoD2r2XdCgdRvnuc8xQ/bJS4=
-8,9,uQwU0ZQ/tJaxXBeuC350jqJFOiI=,sgVH12zuIOotDybXDtC450pfJZc=
-11,7,uQwU0ZQ/tJaxXBeuC350jqJFOiI=,O+zWvNsU+dajl6Q5dSjA9aquwKw=
-11,10,uQwU0ZQ/tJaxXBeuC350jqJFOiI=,1NEQnl3MPiSRo5He6WjEXtjuiuc=
-10,7,uQwU0ZQ/tJaxXBeuC350jqJFOiI=,O+zWvNsU+dajl6Q5dSjA9aquwKw=
-10,10,uQwU0ZQ/tJaxXBeuC350jqJFOiI=,1NEQnl3MPiSRo5He6WjEXtjuiuc=
-9,10,uQwU0ZQ/tJaxXBeuC350jqJFOiI=,1NEQnl3MPiSRo5He6WjEXtjuiuc=
-13,3,uQwU0ZQ/tJaxXBeuC350jqJFOiI=,evAtKnEDWKAwg/46/A3515IMfBo=
-13,12,uQwU0ZQ/tJaxXBeuC350jqJFOiI=,0/l4lrq+Wlu8Kd7oeUe+8DZ8v/I=
-12,10,uQwU0ZQ/tJaxXBeuC350jqJFOiI=,1NEQnl3MPiSRo5He6WjEXtjuiuc=
-14,11,cgOyYc4CrgLVI0RslzoCjzPw0Z4=,3SlbCFR/IhlhsZaJNDcsQLDQKDI=
-8,13,cgOyYc4CrgLVI0RslzoCjzPw0Z4=,W8kW9gmyN7TOJ5kRey1rpgEzThw=
-9,13,cgOyYc4CrgLVI0RslzoCjzPw0Z4=,ihN3c8pXPKJCa97azUGwWBuBi3A=
-9,11,cgOyYc4CrgLVI0RslzoCjzPw0Z4=,1NEQnl3MPiSRo5He6WjEXtjuiuc=
-9,12,cgOyYc4CrgLVI0RslzoCjzPw0Z4=,ihN3c8pXPKJCa97azUGwWBuBi3A=
-8,11,cgOyYc4CrgLVI0RslzoCjzPw0Z4=,sgVH12zuIOotDybXDtC450pfJZc=
-8,12,cgOyYc4CrgLVI0RslzoCjzPw0Z4=,W8kW9gmyN7TOJ5kRey1rpgEzThw=
-9,14,cgOyYc4CrgLVI0RslzoCjzPw0Z4=,ihN3c8pXPKJCa97azUGwWBuBi3A=
-8,14,cgOyYc4CrgLVI0RslzoCjzPw0Z4=,W8kW9gmyN7TOJ5kRey1rpgEzThw=
-7,4,cgOyYc4CrgLVI0RslzoCjzPw0Z4=,e8Pjkap33jn/h11tKTtpWPPgvsg=
-12,8,cgOyYc4CrgLVI0RslzoCjzPw0Z4=,1NEQnl3MPiSRo5He6WjEXtjuiuc=
-14,7,cgOyYc4CrgLVI0RslzoCjzPw0Z4=,2lADoD2r2XdCgdRvnuc8xQ/bJS4=
-12,7,cgOyYc4CrgLVI0RslzoCjzPw0Z4=,O+zWvNsU+dajl6Q5dSjA9aquwKw=
-8,5,cgOyYc4CrgLVI0RslzoCjzPw0Z4=,e8Pjkap33jn/h11tKTtpWPPgvsg=
-16,13,cgOyYc4CrgLVI0RslzoCjzPw0Z4=,0/l4lrq+Wlu8Kd7oeUe+8DZ8v/I=
-16,14,cgOyYc4CrgLVI0RslzoCjzPw0Z4=,0/l4lrq+Wlu8Kd7oeUe+8DZ8v/I=
-13,9,cgOyYc4CrgLVI0RslzoCjzPw0Z4=,3SlbCFR/IhlhsZaJNDcsQLDQKDI=
-12,3,cgOyYc4CrgLVI0RslzoCjzPw0Z4=,2byCH0Sj1u4RsODZIRq59WZ6/4g=
-13,7,cgOyYc4CrgLVI0RslzoCjzPw0Z4=,2lADoD2r2XdCgdRvnuc8xQ/bJS4=
-7,5,ZUBUOml25iRDcKEJ4Bc+wgh1O5w=,e8Pjkap33jn/h11tKTtpWPPgvsg=
-12,6,ZUBUOml25iRDcKEJ4Bc+wgh1O5w=,O+zWvNsU+dajl6Q5dSjA9aquwKw=
-14,9,ZUBUOml25iRDcKEJ4Bc+wgh1O5w=,3SlbCFR/IhlhsZaJNDcsQLDQKDI=
-16,12,ZUBUOml25iRDcKEJ4Bc+wgh1O5w=,0/l4lrq+Wlu8Kd7oeUe+8DZ8v/I=
-12,11,aH+lBi9U69SXjvnyVdjnsSO+6jw=,1NEQnl3MPiSRo5He6WjEXtjuiuc=
-13,6,aH+lBi9U69SXjvnyVdjnsSO+6jw=,2lADoD2r2XdCgdRvnuc8xQ/bJS4=
-13,11,aH+lBi9U69SXjvnyVdjnsSO+6jw=,3SlbCFR/IhlhsZaJNDcsQLDQKDI=
-9,3,aH+lBi9U69SXjvnyVdjnsSO+6jw=,2byCH0Sj1u4RsODZIRq59WZ6/4g=
-11,6,aH+lBi9U69SXjvnyVdjnsSO+6jw=,O+zWvNsU+dajl6Q5dSjA9aquwKw=
-12,9,aH+lBi9U69SXjvnyVdjnsSO+6jw=,1NEQnl3MPiSRo5He6WjEXtjuiuc=
-13,8,aH+lBi9U69SXjvnyVdjnsSO+6jw=,3SlbCFR/IhlhsZaJNDcsQLDQKDI=
-14,10,aH+lBi9U69SXjvnyVdjnsSO+6jw=,3SlbCFR/IhlhsZaJNDcsQLDQKDI=
-10,3,aH+lBi9U69SXjvnyVdjnsSO+6jw=,2byCH0Sj1u4RsODZIRq59WZ6/4g=
-13,10,yT+9ItLVZfz2Agh/EsUG9Ulbkt4=,3SlbCFR/IhlhsZaJNDcsQLDQKDI=
-14,8,yT+9ItLVZfz2Agh/EsUG9Ulbkt4=,3SlbCFR/IhlhsZaJNDcsQLDQKDI=
-16,11,yT+9ItLVZfz2Agh/EsUG9Ulbkt4=,3SlbCFR/IhlhsZaJNDcsQLDQKDI=
-15,11,8zP4TmdRggvKYgSOsJGRjmo9Alc=,3SlbCFR/IhlhsZaJNDcsQLDQKDI=
-15,5,8zP4TmdRggvKYgSOsJGRjmo9Alc=,2lADoD2r2XdCgdRvnuc8xQ/bJS4=
-16,2,8zP4TmdRggvKYgSOsJGRjmo9Alc=,evAtKnEDWKAwg/46/A3515IMfBo=
-16,3,8zP4TmdRggvKYgSOsJGRjmo9Alc=,evAtKnEDWKAwg/46/A3515IMfBo=
-15,10,8zP4TmdRggvKYgSOsJGRjmo9Alc=,3SlbCFR/IhlhsZaJNDcsQLDQKDI=
-16,10,8zP4TmdRggvKYgSOsJGRjmo9Alc=,3SlbCFR/IhlhsZaJNDcsQLDQKDI=
-15,2,W1EjMoMVC7WgvuOCfPLz/H/n4S0=,evAtKnEDWKAwg/46/A3515IMfBo=
-15,4,W1EjMoMVC7WgvuOCfPLz/H/n4S0=,2lADoD2r2XdCgdRvnuc8xQ/bJS4=
-15,6,W1EjMoMVC7WgvuOCfPLz/H/n4S0=,2lADoD2r2XdCgdRvnuc8xQ/bJS4=
-16,7,W1EjMoMVC7WgvuOCfPLz/H/n4S0=,2lADoD2r2XdCgdRvnuc8xQ/bJS4=
-13,0,W1EjMoMVC7WgvuOCfPLz/H/n4S0=,evAtKnEDWKAwg/46/A3515IMfBo=
-16,8,W1EjMoMVC7WgvuOCfPLz/H/n4S0=,3SlbCFR/IhlhsZaJNDcsQLDQKDI=
-15,3,lxlHKm7ehLoyEhtqugE2zn0pzsU=,evAtKnEDWKAwg/46/A3515IMfBo=
-11,1,lxlHKm7ehLoyEhtqugE2zn0pzsU=,2byCH0Sj1u4RsODZIRq59WZ6/4g=
-12,1,lxlHKm7ehLoyEhtqugE2zn0pzsU=,2byCH0Sj1u4RsODZIRq59WZ6/4g=
-13,1,lxlHKm7ehLoyEhtqugE2zn0pzsU=,evAtKnEDWKAwg/46/A3515IMfBo=
-14,0,lxlHKm7ehLoyEhtqugE2zn0pzsU=,evAtKnEDWKAwg/46/A3515IMfBo=
-16,4,xXeTItAwJrOhsQUJaX8Edm6R+XM=,2lADoD2r2XdCgdRvnuc8xQ/bJS4=
-11,0,xXeTItAwJrOhsQUJaX8Edm6R+XM=,2byCH0Sj1u4RsODZIRq59WZ6/4g=
-14,1,xXeTItAwJrOhsQUJaX8Edm6R+XM=,evAtKnEDWKAwg/46/A3515IMfBo=
-15,7,xXeTItAwJrOhsQUJaX8Edm6R+XM=,2lADoD2r2XdCgdRvnuc8xQ/bJS4=
-15,8,xXeTItAwJrOhsQUJaX8Edm6R+XM=,3SlbCFR/IhlhsZaJNDcsQLDQKDI=
-12,0,xXeTItAwJrOhsQUJaX8Edm6R+XM=,2byCH0Sj1u4RsODZIRq59WZ6/4g=
-4,8,9suHwMlcsKZElaU3VqGhfOKVX3o=,Y8BWITBf+6h1RQhpEaRW7GfaH4A=
-3,8,9suHwMlcsKZElaU3VqGhfOKVX3o=,Y8BWITBf+6h1RQhpEaRW7GfaH4A=
-2,8,9suHwMlcsKZElaU3VqGhfOKVX3o=,Y8BWITBf+6h1RQhpEaRW7GfaH4A=
-5,7,9suHwMlcsKZElaU3VqGhfOKVX3o=,e8Pjkap33jn/h11tKTtpWPPgvsg=
-4,7,9suHwMlcsKZElaU3VqGhfOKVX3o=,io8yiVXfxWG2lc73GnP5D+afIwY=
-5,8,9suHwMlcsKZElaU3VqGhfOKVX3o=,sgVH12zuIOotDybXDtC450pfJZc=
-3,7,9suHwMlcsKZElaU3VqGhfOKVX3o=,io8yiVXfxWG2lc73GnP5D+afIwY=
-2,7,9suHwMlcsKZElaU3VqGhfOKVX3o=,io8yiVXfxWG2lc73GnP5D+afIwY=
-8,15,9suHwMlcsKZElaU3VqGhfOKVX3o=,W8kW9gmyN7TOJ5kRey1rpgEzThw=
-11,15,9suHwMlcsKZElaU3VqGhfOKVX3o=,ihN3c8pXPKJCa97azUGwWBuBi3A=
-10,15,9suHwMlcsKZElaU3VqGhfOKVX3o=,ihN3c8pXPKJCa97azUGwWBuBi3A=
-9,15,9suHwMlcsKZElaU3VqGhfOKVX3o=,ihN3c8pXPKJCa97azUGwWBuBi3A=
-14,15,9suHwMlcsKZElaU3VqGhfOKVX3o=,0/l4lrq+Wlu8Kd7oeUe+8DZ8v/I=
-12,15,9suHwMlcsKZElaU3VqGhfOKVX3o=,ihN3c8pXPKJCa97azUGwWBuBi3A=
-13,15,9suHwMlcsKZElaU3VqGhfOKVX3o=,0/l4lrq+Wlu8Kd7oeUe+8DZ8v/I=
-15,15,9suHwMlcsKZElaU3VqGhfOKVX3o=,0/l4lrq+Wlu8Kd7oeUe+8DZ8v/I=
-16,15,9suHwMlcsKZElaU3VqGhfOKVX3o=,0/l4lrq+Wlu8Kd7oeUe+8DZ8v/I=
-1,5,9suHwMlcsKZElaU3VqGhfOKVX3o=,io8yiVXfxWG2lc73GnP5D+afIwY=
-1,8,9suHwMlcsKZElaU3VqGhfOKVX3o=,Y8BWITBf+6h1RQhpEaRW7GfaH4A=
-1,6,9suHwMlcsKZElaU3VqGhfOKVX3o=,io8yiVXfxWG2lc73GnP5D+afIwY=
-1,7,9suHwMlcsKZElaU3VqGhfOKVX3o=,io8yiVXfxWG2lc73GnP5D+afIwY=
-1,4,9suHwMlcsKZElaU3VqGhfOKVX3o=,io8yiVXfxWG2lc73GnP5D+afIwY=
-9,0,YYtP/0c+9AIIGndRIG6+boUx09I=,2byCH0Sj1u4RsODZIRq59WZ6/4g=
-16,6,YYtP/0c+9AIIGndRIG6+boUx09I=,2lADoD2r2XdCgdRvnuc8xQ/bJS4=
-16,5,YYtP/0c+9AIIGndRIG6+boUx09I=,2lADoD2r2XdCgdRvnuc8xQ/bJS4=
-2,2,YYtP/0c+9AIIGndRIG6+boUx09I=,HScghQVzmSbouG2Luvwnl6XfTU4=
-15,9,YYtP/0c+9AIIGndRIG6+boUx09I=,3SlbCFR/IhlhsZaJNDcsQLDQKDI=
-1,3,YYtP/0c+9AIIGndRIG6+boUx09I=,HScghQVzmSbouG2Luvwnl6XfTU4=
-1,2,YYtP/0c+9AIIGndRIG6+boUx09I=,HScghQVzmSbouG2Luvwnl6XfTU4=
-2,4,YYtP/0c+9AIIGndRIG6+boUx09I=,io8yiVXfxWG2lc73GnP5D+afIwY=
-9,1,YYtP/0c+9AIIGndRIG6+boUx09I=,2byCH0Sj1u4RsODZIRq59WZ6/4g=
-10,0,hZJnDgxbdz9lSkpM8puMJH0g1QE=,2byCH0Sj1u4RsODZIRq59WZ6/4g=
-16,9,hZJnDgxbdz9lSkpM8puMJH0g1QE=,3SlbCFR/IhlhsZaJNDcsQLDQKDI=
-8,1,hZJnDgxbdz9lSkpM8puMJH0g1QE=,iLDmH+CqBDXl0auzRixPi2CYy3A=
-10,1,hZJnDgxbdz9lSkpM8puMJH0g1QE=,2byCH0Sj1u4RsODZIRq59WZ6/4g=
-2,3,hZJnDgxbdz9lSkpM8puMJH0g1QE=,HScghQVzmSbouG2Luvwnl6XfTU4=
-8,0,OCAC3y28MsGrwiXLbsePCANMvR4=,iLDmH+CqBDXl0auzRixPi2CYy3A=
-7,1,OCAC3y28MsGrwiXLbsePCANMvR4=,iLDmH+CqBDXl0auzRixPi2CYy3A=
-1,1,OCAC3y28MsGrwiXLbsePCANMvR4=,HScghQVzmSbouG2Luvwnl6XfTU4=
-5,0,OCAC3y28MsGrwiXLbsePCANMvR4=,iLDmH+CqBDXl0auzRixPi2CYy3A=
-2,1,OCAC3y28MsGrwiXLbsePCANMvR4=,HScghQVzmSbouG2Luvwnl6XfTU4=
-7,0,OCAC3y28MsGrwiXLbsePCANMvR4=,iLDmH+CqBDXl0auzRixPi2CYy3A=
-15,0,v33AwdySQU5DkyXlaTBy7B+9Z1w=,evAtKnEDWKAwg/46/A3515IMfBo=
-1,0,v33AwdySQU5DkyXlaTBy7B+9Z1w=,HScghQVzmSbouG2Luvwnl6XfTU4=
-3,1,v33AwdySQU5DkyXlaTBy7B+9Z1w=,HScghQVzmSbouG2Luvwnl6XfTU4=
-4,1,v33AwdySQU5DkyXlaTBy7B+9Z1w=,HScghQVzmSbouG2Luvwnl6XfTU4=
-6,1,jyBQp56cHWweFtyyt6lcC6+Fbck=,iLDmH+CqBDXl0auzRixPi2CYy3A=
-2,0,jyBQp56cHWweFtyyt6lcC6+Fbck=,HScghQVzmSbouG2Luvwnl6XfTU4=
-5,1,jyBQp56cHWweFtyyt6lcC6+Fbck=,iLDmH+CqBDXl0auzRixPi2CYy3A=
-16,1,jyBQp56cHWweFtyyt6lcC6+Fbck=,evAtKnEDWKAwg/46/A3515IMfBo=
-15,1,jyBQp56cHWweFtyyt6lcC6+Fbck=,evAtKnEDWKAwg/46/A3515IMfBo=
-3,0,jyBQp56cHWweFtyyt6lcC6+Fbck=,HScghQVzmSbouG2Luvwnl6XfTU4=
-16,0,jyBQp56cHWweFtyyt6lcC6+Fbck=,evAtKnEDWKAwg/46/A3515IMfBo=
-4,0,jyBQp56cHWweFtyyt6lcC6+Fbck=,HScghQVzmSbouG2Luvwnl6XfTU4=
-6,0,qESaXuxdJSKSfUB0pgA8VJH48lo=,iLDmH+CqBDXl0auzRixPi2CYy3A=
